theme_key	word	pos	example_es
casa	alfombra	n.f.	La alfombra es muy suave.
casa	alquiler	n.m.	El alquiler es muy caro.
casa	armario	n.m.	La ropa está en el armario.
casa	barrer	v.	Barro la cocina.
casa	baño	n.m.	El baño está al fondo.
casa	bombilla	n.f.	Se ha fundido la bombilla.
casa	cajón	n.m.	Las llaves están en el cajón.
casa	cama	n.f.	Voy a hacer la cama.
casa	casa	n.f.	Estoy en casa.
casa	cerradura	n.f.	La cerradura está atascada.
casa	cocina	n.f.	Preparo el café en la cocina.
casa	cortina	n.f.	Corre las cortinas.
casa	cuchara	n.f.	Necesito una cuchara para la sopa.
casa	cuchillo	n.m.	Corta el pan con el cuchillo.
casa	cómodo	adj.	El sofá es muy cómodo.
casa	descansar	v.	Descanso en el sofá.
casa	dormir	v.	Duermo ocho horas.
casa	dormitorio	n.m.	El dormitorio da al jardín.
casa	electrodoméstico	n.m.	La cocina tiene muchos electrodomésticos.
casa	enchufe	n.m.	Necesito un enchufe para cargar.
casa	escalera	n.f.	Subo por la escalera.
casa	estantería	n.f.	Los libros están en la estantería.
casa	fregar	v.	Friego los platos.
casa	garaje	n.m.	El coche está en el garaje.
casa	grifo	n.m.	El grifo gotea.
casa	habitación	n.f.	Mi habitación es pequeña.
casa	hogar	n.m.	No hay nada como el hogar.
casa	horno	n.m.	El pollo está en el horno.
casa	jardín	n.m.	Comemos en el jardín en verano.
casa	limpiar	v.	Limpio la casa los sábados.
casa	limpio	adj.	La cocina está limpia.
casa	llave	n.f.	He perdido las llaves.
casa	luz	n.f.	Apaga la luz al salir.
casa	mesa	n.f.	Pon los platos en la mesa.
casa	mudarse	v.pron.	Nos mudamos el mes que viene.
casa	mueble	n.m.	Montamos un mueble nuevo.
casa	nevera	n.f.	La leche está en la nevera.
casa	olla	n.f.	La sopa hierve en la olla.
casa	ordenar	v.	Tengo que ordenar mi cuarto.
casa	pared	n.f.	El cuadro está en la pared.
casa	pasillo	n.m.	El baño está al final del pasillo.
casa	piso	n.m.	Vivo en un piso céntrico.
casa	plato	n.m.	Lava los platos, por favor.
casa	puerta	n.f.	Cierra la puerta, hace frío.
casa	ruido	n.m.	Hay mucho ruido en la calle.
casa	salón	n.m.	Vemos la tele en el salón.
casa	sartén	n.f.	Calienta la sartén.
casa	silla	n.f.	Faltan dos sillas.
casa	sofá	n.m.	Me siento en el sofá a leer.
casa	sucio	adj.	El suelo está sucio.
casa	suelo	n.m.	El suelo está mojado.
casa	taza	n.f.	Una taza de café caliente.
casa	techo	n.m.	La lámpara cuelga del techo.
casa	tender	v.	Tiendo la ropa fuera.
casa	tenedor	n.m.	Se ha caído el tenedor.
casa	terraza	n.f.	Tomamos algo en la terraza.
casa	tranquilo	adj.	Es un barrio tranquilo.
casa	vaso	n.m.	Lléname el vaso de agua.
casa	vecino	n.m.	Mi vecino es muy amable.
casa	ventana	n.f.	Abre la ventana para ventilar.
comida	aceite	n.m.	Aceite de oliva virgen.
comida	agua	n.f.	Un vaso de agua, por favor.
comida	ajo	n.m.	Le pongo ajo a casi todo.
comida	almuerzo	n.m.	El almuerzo es a las dos.
comida	amargo	adj.	El café está amargo.
comida	arroz	n.m.	El arroz está en su punto.
comida	asar	v.	Voy a asar el pollo.
comida	azúcar	n.m.	Sin azúcar, gracias.
comida	beber	v.	Hay que beber agua.
comida	bocadillo	n.m.	Me hago un bocadillo para el trabajo.
comida	café	n.m.	Tomo el café sin azúcar.
comida	caldo	n.m.	Un caldo caliente en invierno.
comida	carne	n.f.	No como carne los lunes.
comida	cebolla	n.f.	La cebolla me hace llorar.
comida	cena	n.f.	La cena está lista.
comida	cenar	v.	Cenamos pronto en casa.
comida	cerveza	n.f.	¿Una cerveza bien fría?
comida	cocinar	v.	Me encanta cocinar los domingos.
comida	comer	v.	Comemos a las dos.
comida	congelar	v.	Congelo el pan que sobra.
comida	crudo	adj.	La carne está cruda por dentro.
comida	desayunar	v.	Desayuno a las siete.
comida	desayuno	n.m.	El desayuno es la mejor comida.
comida	dulce	adj.	Me gusta el café dulce.
comida	ensalada	n.f.	De primero, una ensalada.
comida	especia	n.f.	Le falta alguna especia.
comida	fresa	n.f.	Las fresas están muy dulces.
comida	freír	v.	Voy a freír el pescado.
comida	gamba	n.f.	Las gambas al ajillo están ricas.
comida	hambre	n.f.	Tengo mucha hambre.
comida	harina	n.f.	La harina para el pan.
comida	hervir	v.	Hierve el agua para la pasta.
comida	huevo	n.m.	Quiero dos huevos fritos.
comida	jamón	n.m.	Un bocadillo de jamón, por favor.
comida	leche	n.f.	El niño bebe leche.
comida	lechuga	n.f.	La ensalada lleva lechuga.
comida	madurar	v.	El plátano aún no ha madurado.
comida	manzana	n.f.	Como una manzana cada día.
comida	naranja	n.f.	El zumo de naranja está frío.
comida	pan	n.m.	Compro pan por la mañana.
comida	pasta	n.f.	Los niños adoran la pasta.
comida	patata	n.f.	Voy a freír unas patatas.
comida	pescado	n.m.	El pescado es muy fresco.
comida	picante	adj.	No me gusta la comida picante.
comida	pimienta	n.f.	Sal y pimienta al gusto.
comida	plátano	n.m.	El plátano es mi fruta favorita.
comida	pollo	n.m.	Cenamos pollo con arroz.
comida	postre	n.m.	¿Qué hay de postre?
comida	probar	v.	¿Quieres probar la salsa?
comida	queso	n.m.	Este queso huele fuerte.
comida	receta	n.f.	Sigo la receta de mi abuela.
comida	rico	adj.	¡Qué rico está esto!
comida	salado	adj.	La sopa está muy salada.
comida	sed	n.f.	Tengo sed, ¿hay agua?
comida	sopa	n.f.	La sopa está caliente.
comida	soso	adj.	Está soso, le falta sal.
comida	ternera	n.f.	Pedí un filete de ternera.
comida	tomate	n.m.	Corto el tomate para la ensalada.
comida	tortilla	n.f.	La tortilla de patatas es típica.
comida	vino	n.m.	Una copa de vino tinto.
comida	zanahoria	n.f.	El conejo come zanahorias.
comida	zumo	n.m.	El zumo está recién hecho.
cuerpo	andar	v.	Ando media hora cada día.
cuerpo	barriga	n.f.	Le duele la barriga.
cuerpo	boca	n.f.	Abre la boca, por favor.
cuerpo	brazo	n.m.	Me duele el brazo derecho.
cuerpo	cabeza	n.f.	Me duele la cabeza.
cuerpo	cadera	n.f.	Se lesionó la cadera.
cuerpo	cansancio	n.m.	Siento mucho cansancio.
cuerpo	cara	n.f.	Tiene una cara simpática.
cuerpo	ceja	n.f.	Se depila las cejas.
cuerpo	cerebro	n.m.	El cerebro humano es complejo.
cuerpo	codo	n.m.	Se apoyó en el codo.
cuerpo	corazón	n.m.	El corazón late rápido.
cuerpo	correr	v.	Corro por el parque.
cuerpo	cuello	n.m.	Lleva una bufanda al cuello.
cuerpo	curarse	v.pron.	Se curó rápido.
cuerpo	dedo	n.m.	Me corté el dedo.
cuerpo	descansar	v.	Necesito descansar un poco.
cuerpo	diente	n.m.	Me lavo los dientes.
cuerpo	doler	v.	Me duele todo el cuerpo.
cuerpo	dolor	n.m.	Siento un dolor fuerte.
cuerpo	enfermo	adj.	Estoy enfermo hoy.
cuerpo	escuchar	v.	Escucha con atención.
cuerpo	espalda	n.f.	Me duele la espalda.
cuerpo	estómago	n.m.	Me duele el estómago.
cuerpo	fiebre	n.f.	El niño tiene fiebre.
cuerpo	frente	n.f.	Tiene la frente ancha.
cuerpo	garganta	n.f.	Me duele la garganta.
cuerpo	herida	n.f.	Se limpió la herida.
cuerpo	hombro	n.m.	Me duele el hombro.
cuerpo	hueso	n.m.	Se rompió un hueso.
cuerpo	labio	n.m.	Tiene los labios secos.
cuerpo	lengua	n.f.	Me mordí la lengua.
cuerpo	levantarse	v.pron.	Me levanto a las siete.
cuerpo	llorar	v.	El bebé llora de noche.
cuerpo	mano	n.f.	Dame la mano.
cuerpo	mejilla	n.f.	El bebé tiene las mejillas rosadas.
cuerpo	mirar	v.	Mira por la ventana.
cuerpo	muñeca	n.f.	Me duele la muñeca.
cuerpo	músculo	n.m.	Estiro los músculos antes de correr.
cuerpo	nariz	n.f.	Me sangra la nariz.
cuerpo	ojo	n.m.	Tiene los ojos azules.
cuerpo	oler	v.	Huele muy bien.
cuerpo	oreja	n.f.	Lleva un pendiente en la oreja.
cuerpo	pecho	n.m.	Siente un dolor en el pecho.
cuerpo	pelo	n.m.	Me voy a cortar el pelo.
cuerpo	pie	n.m.	Tengo los pies fríos.
cuerpo	piel	n.f.	Tiene la piel muy suave.
cuerpo	pierna	n.f.	Cruzó las piernas.
cuerpo	respirar	v.	Respira hondo y relájate.
cuerpo	reír	v.	Nos reímos mucho.
cuerpo	rodilla	n.f.	Se hizo daño en la rodilla.
cuerpo	saltar	v.	El niño salta de alegría.
cuerpo	sangre	n.f.	Doné sangre ayer.
cuerpo	sano	adj.	Lleva una vida sana.
cuerpo	sentarse	v.pron.	Siéntate aquí.
cuerpo	sonreír	v.	Sonríe para la foto.
cuerpo	sudar	v.	Sudo mucho cuando corro.
cuerpo	tobillo	n.m.	Me torcí el tobillo.
cuerpo	tocar	v.	No toques eso.
cuerpo	uña	n.f.	Se pinta las uñas.
esencial	a menudo	adv.	Voy al gimnasio a menudo.
esencial	a pesar de	prep.	Salimos a pesar de la lluvia.
esencial	a veces	adv.	A veces voy al cine solo.
esencial	acabar	v.	Acabo de llegar.
esencial	acaso	adv.	¿Acaso no lo sabías?
esencial	actual	adj.	La situación actual es difícil.
esencial	adecuado	adj.	No es el momento adecuado.
esencial	además	adv.	Además, es muy barato.
esencial	agua	n.f.	¿Puedo beber un poco de agua?
esencial	ahora	adv.	Ahora no puedo hablar.
esencial	ajeno	adj.	No te metas en asuntos ajenos.
esencial	algo	pron.	¿Quieres algo de beber?
esencial	alguien	pron.	¿Hay alguien en casa?
esencial	allí	adv.	El banco está allí.
esencial	amigo	n.m.	Voy al cine con un amigo.
esencial	amplio	adj.	Es una casa amplia y luminosa.
esencial	antes	adv.	Llámame antes de venir.
esencial	apenas	adv.	Apenas lo conozco.
esencial	apoyar	v.	Mi familia siempre me apoya.
esencial	apoyo	n.m.	Gracias por tu apoyo.
esencial	aprovechar	v.	Hay que aprovechar el buen tiempo.
esencial	aquí	adv.	Ven aquí, por favor.
esencial	atreverse	v.pron.	No me atrevo a decírselo.
esencial	aumentar	v.	Los precios han aumentado.
esencial	aumento	n.m.	Hubo un aumento de precios.
esencial	aunque	conj.	Salgo aunque llueva.
esencial	ayer	adv.	Ayer llovió todo el día.
esencial	ayudar	v.	¿Puedes ayudarme?
esencial	año	n.m.	Tengo treinta años.
esencial	barato	adj.	Encontré un hotel barato.
esencial	bastante	adv.	Es bastante fácil.
esencial	bueno	adj.	Es un buen restaurante.
esencial	buscar	v.	Busco mis gafas.
esencial	cada	adj.	Cada día es diferente.
esencial	cambiar	v.	Quiero cambiar de trabajo.
esencial	cansado	adj.	Estoy cansado después del trabajo.
esencial	capaz	adj.	Es capaz de hacerlo solo.
esencial	caro	adj.	Este restaurante es muy caro.
esencial	casa	n.f.	Mi casa está cerca del centro.
esencial	casi	adv.	Ya casi hemos llegado.
esencial	cerca	adv.	Vivo cerca del centro.
esencial	ciudad	n.f.	Vivo en una ciudad grande.
esencial	coche	n.m.	Voy en coche al trabajo.
esencial	comida	n.f.	La comida está muy rica.
esencial	complejo	adj.	Es un problema complejo.
esencial	conocer	v.	¿Conoces a María?
esencial	consciente	adj.	Soy consciente del problema.
esencial	conseguir	v.	Conseguí un buen trabajo.
esencial	convertirse	v.pron.	Se ha convertido en un experto.
esencial	cosa	n.f.	Tengo muchas cosas que hacer.
esencial	cotidiano	adj.	Forma parte de la vida cotidiana.
esencial	dar	v.	¿Me das tu número?
esencial	darse cuenta	v.pron.	Me di cuenta de mi error.
esencial	dato	n.m.	Necesito más datos.
esencial	de hecho	adv.	De hecho, ya lo sabía.
esencial	decir	v.	Siempre dice la verdad.
esencial	dejar	v.	Deja las llaves en la mesa.
esencial	demasiado	adv.	Hace demasiado calor.
esencial	dentro	adv.	Espérame dentro.
esencial	desarrollar	v.	La empresa desarrolla nuevas ideas.
esencial	desarrollo	n.m.	El desarrollo del proyecto va bien.
esencial	después	adv.	Hablamos después.
esencial	diferente	adj.	Este es diferente al otro.
esencial	difícil	adj.	El examen fue muy difícil.
esencial	dinero	n.m.	No tengo mucho dinero.
esencial	disminuir	v.	El ruido disminuye por la noche.
esencial	dispuesto	adj.	Estoy dispuesto a ayudar.
esencial	dueño	n.m.	El dueño del piso es muy amable.
esencial	día	n.m.	Cada día aprendo algo nuevo.
esencial	empezar	v.	La película empieza ahora.
esencial	en cambio	adv.	Él es alto; ella, en cambio, es baja.
esencial	enseguida	adv.	Vuelvo enseguida.
esencial	entender	v.	No entiendo la pregunta.
esencial	enterarse	v.pron.	Me enteré ayer de la noticia.
esencial	entonces	adv.	Entonces, ¿qué hacemos?
esencial	entorno	n.m.	Trabajo en un entorno tranquilo.
esencial	escaso	adj.	El agua es un recurso escaso.
esencial	esfuerzo	n.m.	Con esfuerzo todo es posible.
esencial	esperar	v.	Te espero en la puerta.
esencial	estar	v.	Estoy muy cansado hoy.
esencial	evitar	v.	Intento evitar el azúcar.
esencial	exigir	v.	El trabajo exige mucha atención.
esencial	exitoso	adj.	Fue un evento muy exitoso.
esencial	familia	n.f.	Paso los domingos con mi familia.
esencial	feliz	adj.	Estoy muy feliz hoy.
esencial	fuera	adv.	Los niños juegan fuera.
esencial	fácil	adj.	Esta lección es fácil.
esencial	gente	n.f.	Hay mucha gente en la calle.
esencial	grande	adj.	Viven en una casa grande.
esencial	hacer	v.	¿Qué haces el fin de semana?
esencial	hecho	n.m.	Es un hecho conocido.
esencial	hijo	n.m.	Su hijo tiene cinco años.
esencial	hombre	n.m.	Ese hombre es mi vecino.
esencial	hora	n.f.	¿Qué hora es?
esencial	hoy	adv.	Hoy es lunes.
esencial	impedir	v.	La lluvia impidió el partido.
esencial	importante	adj.	Es una reunión importante.
esencial	imprescindible	adj.	El pasaporte es imprescindible.
esencial	inconveniente	n.m.	No hay ningún inconveniente.
esencial	intentar	v.	Voy a intentarlo otra vez.
esencial	ir	v.	Voy al trabajo en coche.
esencial	joven	adj.	Es demasiado joven para eso.
esencial	lejos	adv.	La estación está lejos.
esencial	llegar	v.	El tren llega a las diez.
esencial	lleno	adj.	El vaso está lleno.
esencial	llevar	v.	Llevo una chaqueta azul.
esencial	lograr	v.	Logró terminar a tiempo.
esencial	logro	n.m.	Es un gran logro para el equipo.
esencial	luego	adv.	Primero como y luego trabajo.
esencial	lugar	n.m.	Es un lugar tranquilo.
esencial	madre	n.f.	Mi madre cocina muy bien.
esencial	malo	adj.	Este libro es muy malo.
esencial	mediante	prep.	Se paga mediante tarjeta.
esencial	medida	n.f.	Han tomado nuevas medidas.
esencial	mejorar	v.	Quiero mejorar mi español.
esencial	meta	n.f.	Mi meta es hablar con fluidez.
esencial	mientras	conj.	Escucho música mientras trabajo.
esencial	mismo	adj.	Vivimos en la misma calle.
esencial	momento	n.m.	Espera un momento.
esencial	mujer	n.f.	Es una mujer muy inteligente.
esencial	mundo	n.m.	Quiero viajar por el mundo.
esencial	muy	adv.	Estoy muy contento.
esencial	nada	pron.	No hay nada en la nevera.
esencial	necesitar	v.	Necesito descansar.
esencial	niño	n.m.	El niño juega en el parque.
esencial	noche	n.f.	Buenas noches.
esencial	nombre	n.m.	¿Cuál es tu nombre?
esencial	nuevo	adj.	Tengo un trabajo nuevo.
esencial	nunca	adv.	Nunca he estado en España.
esencial	ocio	n.m.	En mi tiempo de ocio leo.
esencial	otro	adj.	¿Quieres otro café?
esencial	padre	n.m.	Mi padre es profesor.
esencial	palabra	n.f.	No entiendo esta palabra.
esencial	parecer	v.	Parece que va a llover.
esencial	pasar	v.	¿Qué ha pasado aquí?
esencial	país	n.m.	España es un país bonito.
esencial	pensar	v.	Pienso que tienes razón.
esencial	pequeño	adj.	Tengo un coche pequeño.
esencial	plazo	n.m.	El plazo termina el viernes.
esencial	poder	v.	¿Puedes ayudarme, por favor?
esencial	poner	v.	Pon los libros en la mesa.
esencial	ponerse	v.pron.	Se puso el abrigo y salió.
esencial	por lo tanto	conj.	Llueve; por lo tanto, no salgo.
esencial	primero	adj.	Es mi primer día aquí.
esencial	problema	n.m.	No hay ningún problema.
esencial	profundo	adj.	Es un tema muy profundo.
esencial	propio	adj.	Tiene su propio estilo.
esencial	próximo	adj.	La próxima semana empiezo.
esencial	quejarse	v.pron.	Siempre se queja del trabajo.
esencial	querer	v.	Quiero aprender español.
esencial	quizás	adv.	Quizás venga mañana.
esencial	recordar	v.	No recuerdo su nombre.
esencial	recurso	n.m.	Internet es un buen recurso.
esencial	respecto a	prep.	Respecto a eso, tengo dudas.
esencial	riesgo	n.m.	Es un riesgo demasiado grande.
esencial	rápido	adj.	Es un tren muy rápido.
esencial	saber	v.	No sé dónde está la estación.
esencial	salir	v.	Salgo de casa a las ocho.
esencial	seguir	v.	Sigue todo recto.
esencial	semana	n.f.	Nos vemos la próxima semana.
esencial	sencillo	adj.	Es una idea sencilla.
esencial	ser	v.	Quiero ser médico.
esencial	siempre	adv.	Siempre llego a tiempo.
esencial	sin embargo	adv.	Es caro; sin embargo, lo compró.
esencial	soler	v.	Suelo levantarme temprano.
esencial	suave	adj.	La manta es muy suave.
esencial	suficiente	adj.	No tengo suficiente dinero.
esencial	suponer	v.	Supongo que tienes razón.
esencial	también	adv.	Yo también quiero ir.
esencial	tampoco	adv.	Yo tampoco lo sé.
esencial	temprano	adv.	Me levanto temprano.
esencial	tener	v.	Tengo dos hermanos.
esencial	tiempo	n.m.	No tengo tiempo esta semana.
esencial	todavía	adv.	Todavía no he terminado.
esencial	trabajo	n.m.	Tengo mucho trabajo hoy.
esencial	tratar	v.	Trato de comer sano.
esencial	venir	v.	¿Vienes a la fiesta?
esencial	ventaja	n.f.	Tiene muchas ventajas.
esencial	ver	v.	Desde aquí se ve el mar.
esencial	vez	n.f.	Es la primera vez.
esencial	vida	n.f.	Así es la vida.
esencial	viejo	adj.	Es un coche muy viejo.
esencial	vivir	v.	Vivo en Madrid.
esencial	volver	v.	Vuelvo en cinco minutos.
esencial	ya	adv.	Ya he terminado.
esencial	ámbito	n.m.	Es experta en el ámbito de la salud.
esencial	último	adj.	Es la última vez que lo digo.
familia	abuela	n.f.	Mi abuela hace un pastel riquísimo.
familia	abuelo	n.m.	Mi abuelo tiene noventa años.
familia	adoptar	v.	Adoptaron a una niña.
familia	adulto	n.m.	Ya es un adulto.
familia	amigo	n.m.	Es un amigo de la infancia.
familia	anciano	n.m.	Ayudo a los ancianos del barrio.
familia	apellido	n.m.	Compartimos el mismo apellido.
familia	apoyar	v.	Mi familia siempre me apoya.
familia	bebé	n.m.	El bebé duerme toda la noche.
familia	boda	n.f.	La boda es en junio.
familia	cariño	n.m.	Les tengo mucho cariño.
familia	casado	adj.	Está casado desde hace diez años.
familia	casarse	v.pron.	Se casan el año que viene.
familia	crecer	v.	Los niños crecen deprisa.
familia	criar	v.	Crían a sus hijos con cariño.
familia	cuidar	v.	Cuido a mis abuelos.
familia	cuñado	n.m.	Mi cuñado es muy simpático.
familia	discutir	v.	A veces discutimos, es normal.
familia	divorciado	adj.	Sus padres están divorciados.
familia	echar de menos	v.	Echo de menos a mi hermana.
familia	embarazada	adj.	Mi hermana está embarazada.
familia	familiar	n.m.	Vino un familiar de visita.
familia	gemelo	n.m.	Tienen gemelos.
familia	generación	n.f.	Somos tres generaciones en casa.
familia	hermana	n.f.	Mi hermana vive en Francia.
familia	hermano	n.m.	Mi hermano es mayor que yo.
familia	hija	n.f.	Tienen una hija pequeña.
familia	hijo	n.m.	Su hijo mayor estudia fuera.
familia	hogar	n.m.	Crecí en un hogar feliz.
familia	infancia	n.f.	Tengo buenos recuerdos de mi infancia.
familia	joven	adj.	De joven vivía aquí.
familia	llevarse	v.pron.	Me llevo bien con mis hermanos.
familia	madre	n.f.	Mi madre vive cerca.
familia	marido	n.m.	Su marido cocina muy bien.
familia	morir	v.	Su abuelo murió en invierno.
familia	mujer	n.f.	Voy al cine con mi mujer.
familia	nacer	v.	El bebé nació ayer.
familia	nieta	n.f.	Su nieta empieza el colegio.
familia	nieto	n.m.	Los abuelos cuidan al nieto.
familia	niño	n.m.	Los niños juegan en el jardín.
familia	novia	n.f.	Conocí a su novia ayer.
familia	novio	n.m.	Su novio es músico.
familia	padre	n.m.	Mi padre se jubiló.
familia	padres	n.m.	Visito a mis padres los domingos.
familia	parecerse	v.pron.	Te pareces a tu madre.
familia	pareja	n.f.	Viven en pareja.
familia	pariente	n.m.	Tengo parientes en México.
familia	primo	n.m.	Juego con mis primos.
familia	querer	v.	Quiero mucho a mi familia.
familia	reunirse	v.pron.	La familia se reúne en Navidad.
familia	separarse	v.pron.	Se separaron el año pasado.
familia	sobrino	n.m.	Mi sobrino cumple cinco años.
familia	soltero	adj.	Sigue soltero.
familia	suegra	n.f.	Mi suegra viene a cenar.
familia	suegro	n.m.	Mi suegro juega al golf.
familia	tía	n.f.	Mi tía es enfermera.
familia	tío	n.m.	Mi tío vive en el pueblo.
familia	vecino	n.m.	Los vecinos son muy amables.
familia	visitar	v.	Nos visitan cada verano.
familia	yerno	n.m.	Su yerno trabaja con él.
fiesta	Año Nuevo	n.m.	Celebramos el Año Nuevo juntos.
fiesta	Navidad	n.f.	Pasamos la Navidad en familia.
fiesta	adorno	n.m.	Colgamos los adornos.
fiesta	alegría	n.f.	La fiesta fue pura alegría.
fiesta	ambiente	n.m.	Había muy buen ambiente.
fiesta	anfitrión	n.m.	El anfitrión nos recibió bien.
fiesta	aniversario	n.m.	Es su aniversario de boda.
fiesta	aplaudir	v.	Todos aplaudieron al final.
fiesta	bailar	v.	Bailamos toda la noche.
fiesta	baile	n.m.	El baile duró hasta tarde.
fiesta	bebida	n.f.	Hay bebidas en la nevera.
fiesta	boda	n.f.	Bailamos toda la boda.
fiesta	brindar	v.	Brindamos por los novios.
fiesta	brindis	n.m.	Hizo un brindis emotivo.
fiesta	cantar	v.	Cantamos el cumpleaños feliz.
fiesta	celebración	n.f.	Fue una celebración preciosa.
fiesta	celebrar	v.	Celebramos el ascenso.
fiesta	champán	n.m.	Abrimos una botella de champán.
fiesta	concierto	n.m.	El concierto empieza a las nueve.
fiesta	confeti	n.m.	Tiraron confeti al final.
fiesta	copa	n.f.	Levantamos la copa.
fiesta	cumpleaños	n.m.	Hoy es mi cumpleaños.
fiesta	decorar	v.	Decoramos el salón.
fiesta	deseo	n.m.	Pide un deseo.
fiesta	discoteca	n.f.	Salimos a la discoteca.
fiesta	discurso	n.m.	El padre dio un discurso.
fiesta	disfraz	n.m.	Llevo un disfraz de pirata.
fiesta	disfrutar	v.	Disfruté de la fiesta.
fiesta	divertirse	v.pron.	Nos divertimos mucho.
fiesta	emoción	n.f.	Lloró de la emoción.
fiesta	enhorabuena	n.f.	¡Enhorabuena por la boda!
fiesta	entrada	n.f.	Compré las entradas del concierto.
fiesta	felicidad	n.f.	Les deseo mucha felicidad.
fiesta	felicitar	v.	Te felicito por el premio.
fiesta	feliz	adj.	¡Feliz cumpleaños!
fiesta	feria	n.f.	La feria del pueblo es en agosto.
fiesta	fiesta	n.f.	Vamos a una fiesta el sábado.
fiesta	fuegos artificiales	n.m.	Vimos los fuegos artificiales.
fiesta	gente	n.f.	Había mucha gente en la fiesta.
fiesta	globo	n.m.	Decoramos con globos.
fiesta	invitación	n.f.	Recibí la invitación por correo.
fiesta	invitado	n.m.	Llegaron todos los invitados.
fiesta	invitados	n.m.	Somos veinte invitados.
fiesta	invitar	v.	Te invito a mi fiesta.
fiesta	máscara	n.f.	Lleva una máscara de carnaval.
fiesta	música	n.f.	Pon música alegre.
fiesta	organizar	v.	Organizo la fiesta sorpresa.
fiesta	pastel	n.m.	El pastel tiene velas.
fiesta	piñata	n.f.	Los niños rompieron la piñata.
fiesta	preparar	v.	Preparamos todo la víspera.
fiesta	recordar	v.	Recordaremos este día.
fiesta	recuerdo	n.m.	Guardo un buen recuerdo de la boda.
fiesta	regalo	n.m.	Abre tu regalo.
fiesta	reunir	v.	La fiesta reunió a toda la familia.
fiesta	reír	v.	Reímos sin parar.
fiesta	sorpresa	n.f.	Es una fiesta sorpresa.
fiesta	tarta	n.f.	Cortamos la tarta.
fiesta	tradición	n.f.	Es una tradición familiar.
fiesta	vela	n.f.	Sopla las velas.
fiesta	villancico	n.m.	Cantamos villancicos en Navidad.
ropa	abrigo	n.m.	En invierno llevo abrigo.
ropa	algodón	n.m.	Prefiero las camisetas de algodón.
ropa	amarillo	adj.	Una camiseta amarilla.
ropa	ancho	adj.	Prefiero la ropa ancha.
ropa	apretar	v.	Estos zapatos me aprietan.
ropa	azul	adj.	Unos vaqueros azules.
ropa	blanco	adj.	Una camisa blanca.
ropa	blusa	n.f.	Lleva una blusa de seda.
ropa	bolsillo	n.m.	Lo llevo en el bolsillo.
ropa	bolso	n.m.	Guardo las llaves en el bolso.
ropa	bota	n.f.	Con la lluvia llevo botas.
ropa	botón	n.m.	Se me cayó un botón.
ropa	bufanda	n.f.	Me pongo la bufanda.
ropa	calcetín	n.m.	Falta un calcetín.
ropa	calzoncillo	n.m.	Compró calzoncillos nuevos.
ropa	camisa	n.f.	Se puso una camisa azul.
ropa	camiseta	n.f.	Llevo una camiseta blanca.
ropa	chaleco	n.m.	Un chaleco sin mangas.
ropa	chaqueta	n.f.	Cuelga la chaqueta ahí.
ropa	chándal	n.m.	Se puso el chándal para entrenar.
ropa	cinturón	n.m.	Se abrocha el cinturón.
ropa	corbata	n.f.	Lleva corbata a la reunión.
ropa	cremallera	n.f.	Se rompió la cremallera.
ropa	cuero	n.m.	Una chaqueta de cuero.
ropa	estrecho	adj.	Este pantalón es muy estrecho.
ropa	falda	n.f.	Lleva una falda larga.
ropa	gafas	n.f.	Llevo gafas para leer.
ropa	gorra	n.f.	Lleva una gorra roja.
ropa	guante	n.m.	Necesito guantes en invierno.
ropa	jersey	n.m.	Hace frío, ponte el jersey.
ropa	lana	n.f.	Un jersey de lana.
ropa	llevar	v.	Hoy llevo vaqueros.
ropa	manga	n.f.	La camisa tiene las mangas largas.
ropa	marca	n.f.	Es una marca muy conocida.
ropa	moda	n.f.	Sigue la última moda.
ropa	negro	adj.	Un vestido negro.
ropa	pantalón	n.m.	Estos pantalones me quedan bien.
ropa	pantalón corto	n.m.	En verano llevo pantalón corto.
ropa	paraguas	n.m.	Coge el paraguas, va a llover.
ropa	pañuelo	n.m.	Se puso un pañuelo al cuello.
ropa	pijama	n.m.	Se puso el pijama.
ropa	ponerse	v.pron.	Ponte el abrigo.
ropa	probador	n.m.	El probador está a la derecha.
ropa	probarse	v.pron.	¿Puedo probarme esta camisa?
ropa	quedar	v.	Ese vestido te queda muy bien.
ropa	quitarse	v.pron.	Me quito los zapatos en casa.
ropa	rojo	adj.	Zapatos rojos.
ropa	ropa interior	n.f.	Guardo la ropa interior en el cajón.
ropa	sandalia	n.f.	En verano llevo sandalias.
ropa	seda	n.f.	Una bufanda de seda.
ropa	sombrero	n.m.	Un sombrero para el sol.
ropa	sudadera	n.f.	Una sudadera con capucha.
ropa	talla	n.f.	¿Qué talla usas?
ropa	traje	n.m.	Va al trabajo con traje.
ropa	vaqueros	n.m.	Me pongo los vaqueros.
ropa	verde	adj.	Un jersey verde.
ropa	vestido	n.m.	Un vestido rojo precioso.
ropa	vestirse	v.pron.	Me visto rápido por la mañana.
ropa	zapatilla	n.f.	Corro con zapatillas.
ropa	zapato	n.m.	Me aprietan los zapatos.
trabajo	ascenso	n.m.	Le dieron un ascenso.
trabajo	becario	n.m.	El becario aprende rápido.
trabajo	beneficio	n.m.	La empresa tuvo grandes beneficios.
trabajo	carrera	n.f.	Estudió una carrera de derecho.
trabajo	cliente	n.m.	El cliente siempre tiene prisa.
trabajo	compañero	n.m.	Como con mis compañeros.
trabajo	contratar	v.	Van a contratar a más gente.
trabajo	contrato	n.m.	Firmé un contrato de un año.
trabajo	correo	n.m.	Te mando un correo.
trabajo	currículum	n.m.	Actualicé mi currículum.
trabajo	descanso	n.m.	Hago un descanso a las once.
trabajo	despacho	n.m.	El jefe está en su despacho.
trabajo	despedir	v.	Lo despidieron el mes pasado.
trabajo	director	n.m.	El director dirige la reunión.
trabajo	documento	n.m.	Firma el documento aquí.
trabajo	empleado	n.m.	La empresa tiene cien empleados.
trabajo	empresa	n.f.	Trabajo en una empresa grande.
trabajo	entregar	v.	Entrego el informe mañana.
trabajo	entrevista	n.f.	Tengo una entrevista el jueves.
trabajo	equipo	n.m.	Trabajo en un buen equipo.
trabajo	esfuerzo	n.m.	Con esfuerzo se consigue.
trabajo	estrés	n.m.	Tengo mucho estrés últimamente.
trabajo	experiencia	n.f.	Tiene mucha experiencia.
trabajo	firmar	v.	Firma aquí, por favor.
trabajo	formación	n.f.	La empresa ofrece formación.
trabajo	fracaso	n.m.	Aprendí del fracaso.
trabajo	fábrica	n.f.	Trabaja en una fábrica.
trabajo	herramienta	n.f.	Necesito la herramienta adecuada.
trabajo	horario	n.m.	Tengo un horario flexible.
trabajo	informe	n.m.	Escribo el informe hoy.
trabajo	jefa	n.f.	Mi jefa es muy justa.
trabajo	jefe	n.m.	Mi jefe es exigente.
trabajo	jornada	n.f.	La jornada es de ocho horas.
trabajo	jubilación	n.f.	La jubilación llega a los 65.
trabajo	jubilarse	v.pron.	Se jubila el año que viene.
trabajo	llamada	n.f.	Tengo una llamada importante.
trabajo	meta	n.f.	Cumplimos la meta del mes.
trabajo	nómina	n.f.	Recibí la nómina hoy.
trabajo	ocupado	adj.	Estoy muy ocupado esta semana.
trabajo	oficina	n.f.	Llego a la oficina a las nueve.
trabajo	ordenador	n.m.	Enciendo el ordenador.
trabajo	organizar	v.	Organizo mi semana el domingo.
trabajo	paro	n.m.	Está en el paro desde marzo.
trabajo	plantilla	n.f.	La plantilla ha crecido este año.
trabajo	plazo	n.m.	El plazo es muy corto.
trabajo	profesión	n.f.	¿Cuál es tu profesión?
trabajo	proyecto	n.m.	Estamos en un proyecto nuevo.
trabajo	puesto	n.m.	Busco un puesto de responsabilidad.
trabajo	red	n.f.	Amplío mi red de contactos.
trabajo	responsable	adj.	Es muy responsable en el trabajo.
trabajo	reunirse	v.pron.	Nos reunimos cada lunes.
trabajo	reunión	n.f.	Tengo una reunión a las tres.
trabajo	sindicato	n.m.	Se afilió al sindicato.
trabajo	socio	n.m.	Es mi socio desde hace años.
trabajo	sueldo	n.m.	Cobro el sueldo a fin de mes.
trabajo	sueldo mínimo	n.m.	Cobra el sueldo mínimo.
trabajo	tarea	n.f.	Termino esta tarea y me voy.
trabajo	trabajar	v.	Trabajo de lunes a viernes.
trabajo	vacante	n.f.	Hay una vacante en mi equipo.
trabajo	éxito	n.m.	El proyecto fue un éxito.
viaje	aduana	n.f.	Pasamos por la aduana.
viaje	aeropuerto	n.m.	Llego al aeropuerto pronto.
viaje	alojarse	v.pron.	Nos alojamos en el centro.
viaje	autobús	n.m.	El autobús llega tarde.
viaje	aventura	n.f.	El viaje fue una aventura.
viaje	avión	n.m.	El avión sale a las diez.
viaje	barco	n.m.	Cruzamos en barco.
viaje	bicicleta	n.f.	Voy en bicicleta al trabajo.
viaje	billete	n.m.	Compré el billete por internet.
viaje	calle	n.f.	Vive en esta calle.
viaje	carretera	n.f.	La carretera está cortada.
viaje	cerca	adv.	El hotel está cerca.
viaje	ciudad	n.f.	Visitamos una ciudad preciosa.
viaje	coche	n.m.	Vamos en coche.
viaje	cámara	n.f.	Saqué muchas fotos con la cámara.
viaje	derecha	n.f.	Gira a la derecha.
viaje	destino	n.m.	¿Cuál es tu destino?
viaje	embarcar	v.	Embarcamos dentro de una hora.
viaje	equipaje	n.m.	Facturé el equipaje.
viaje	escala	n.f.	Hicimos escala en París.
viaje	estación	n.f.	Te espero en la estación.
viaje	extranjero	n.m.	Trabaja en el extranjero.
viaje	fin de semana	n.m.	Nos vamos el fin de semana.
viaje	frontera	n.f.	Cruzamos la frontera de noche.
viaje	guía	n.m.	El guía habla tres idiomas.
viaje	hotel	n.m.	Reservamos un hotel barato.
viaje	idioma	n.m.	No hablo el idioma local.
viaje	invierno	n.m.	En invierno vamos a la montaña.
viaje	izquierda	n.f.	La tienda está a la izquierda.
viaje	lejos	adv.	La playa está lejos.
viaje	llegada	n.f.	La llegada es a mediodía.
viaje	maleta	n.f.	Hago la maleta esta noche.
viaje	mapa	n.m.	Miramos el mapa.
viaje	metro	n.m.	El metro es muy rápido.
viaje	mochila	n.f.	Llevo lo justo en la mochila.
viaje	moneda	n.f.	Cambié la moneda en el banco.
viaje	montaña	n.f.	Subimos a la montaña.
viaje	origen	n.m.	El vuelo con origen en Madrid.
viaje	paisaje	n.m.	El paisaje es impresionante.
viaje	pasaporte	n.m.	No olvides el pasaporte.
viaje	perderse	v.pron.	Nos perdimos en la ciudad.
viaje	playa	n.f.	Pasamos el día en la playa.
viaje	plaza	n.f.	Quedamos en la plaza mayor.
viaje	propina	n.f.	Dejé propina al camarero.
viaje	pueblo	n.m.	Nací en un pueblo pequeño.
viaje	recto	adv.	Sigue todo recto.
viaje	recuerdo	n.m.	Compré un recuerdo para mi madre.
viaje	reserva	n.f.	Tengo una reserva a mi nombre.
viaje	reservar	v.	Reservé una mesa.
viaje	retraso	n.m.	Hubo un retraso de una hora.
viaje	ruta	n.f.	Planeamos la ruta juntos.
viaje	salida	n.f.	La salida es a las nueve.
viaje	seguro	n.m.	Contraté un seguro de viaje.
viaje	taxi	n.m.	Cogimos un taxi al aeropuerto.
viaje	trayecto	n.m.	El trayecto dura dos horas.
viaje	tren	n.m.	Cojo el tren de las ocho.
viaje	turista	n.m.	El barrio está lleno de turistas.
viaje	vacaciones	n.f.	Estamos de vacaciones.
viaje	verano	n.m.	Viajamos en verano.
viaje	viajar	v.	Me encanta viajar.
viaje	viajero	n.m.	Es un viajero incansable.
viaje	visitar	v.	Visitamos el museo.
viaje	vuelo	n.m.	El vuelo se retrasó.
